{
  "loss": [
    0.5155504658819396,
    0.5137565185557249,
    0.5133683848223497,
    0.5135761767681087,
    0.5137550094524006
  ],
  "rating_loss": [
    0.17783219356281868,
    0.1744574938185092,
    0.17422338856061842,
    0.17428731880445772,
    0.17442645102130977
  ],
  "diversity_loss": [
    0.04824546823415259,
    0.04847129001512125,
    0.04844928597267716,
    0.04846983762914739,
    0.048475509086415486
  ],
  "val_loss": [
    0.1849631518125534,
    0.17617826163768768,
    0.16686543822288513,
    0.1594332903623581,
    0.1603347659111023
  ]
}