{
  "loss": [
    0.515163823608656,
    0.513047333249068,
    0.513466832397369,
    0.513597931082627,
    0.5136482499661351
  ],
  "rating_loss": [
    0.17801860646364948,
    0.17471842287307393,
    0.17462904100065998,
    0.1747116797974857,
    0.17447833190062806
  ],
  "diversity_loss": [
    0.048163603217363245,
    0.04833270224866897,
    0.04840539955060498,
    0.04841232237972758,
    0.04845284623419891
  ],
  "val_loss": [
    0.1816534847021103,
    0.17008164525032043,
    0.15914230048656464,
    0.18765778839588165,
    0.17060817778110504
  ]
}