{
  "loss": [
    0.515734863635727,
    0.513770241338988,
    0.513371424206636,
    0.51324333775904,
    0.5135767358029236
  ],
  "rating_loss": [
    0.1761832923944157,
    0.17502951651944904,
    0.1746193114109582,
    0.17476194495010888,
    0.1746009510235484
  ],
  "diversity_loss": [
    0.048507368096346024,
    0.04839153291050217,
    0.04839315975637836,
    0.04835448549739802,
    0.048425112903436
  ],
  "val_loss": [
    0.1632741093635559,
    0.16433578729629517,
    0.1624547392129898,
    0.1517658233642578,
    0.1680976152420044
  ]
}