{
  "loss": [
    0.5158801439182503,
    0.5134162844546047,
    0.5130445195913154,
    0.5134786649952533,
    0.5129946880275046
  ],
  "rating_loss": [
    0.18090449542147458,
    0.1805318571421819,
    0.18031817281235604,
    0.1804756346049005,
    0.18021833891890376
  ],
  "diversity_loss": [
    0.04785366484668794,
    0.04755491897675417,
    0.04753233601264753,
    0.04757186226281161,
    0.04753947922128742
  ],
  "val_loss": [
    0.21930456161499023,
    0.17203769087791443,
    0.17437796294689178,
    0.18113954365253448,
    0.17627960443496704
  ]
}