{
  "loss": [
    0.5159583376710902,
    0.5134685546636526,
    0.5137589100867208,
    0.5136604212977085,
    0.5134908560922871
  ],
  "rating_loss": [
    0.17643226736907322,
    0.1758401597816123,
    0.17563511130601325,
    0.17540662406876584,
    0.17562802809809044
  ],
  "diversity_loss": [
    0.04850372511575945,
    0.04823262862033698,
    0.04830340058399193,
    0.04832197181308682,
    0.04826611908883564
  ],
  "val_loss": [
    0.16506631672382355,
    0.2056322991847992,
    0.16314849257469177,
    0.15313614904880524,
    0.19265146553516388
  ]
}