{
  "loss": [
    0.5154896753712244,
    0.5131770600267149,
    0.5134554870765815,
    0.5133262592695975,
    0.5135578630267952
  ],
  "rating_loss": [
    0.1776792342200258,
    0.17449572677910846,
    0.17467500940751246,
    0.1747596787715758,
    0.17472086263828734
  ],
  "diversity_loss": [
    0.0482586352391132,
    0.04838304838878366,
    0.0483972118844554,
    0.048366655112211145,
    0.048405286570919824
  ],
  "val_loss": [
    0.1915677785873413,
    0.15997974574565887,
    0.16692253947257996,
    0.17289535701274872,
    0.16928473114967346
  ]
}