{
  "loss": [
    0.5150256136329937,
    0.5138074257448851,
    0.5130813326178456,
    0.5133754193445373,
    0.5131891737839973
  ],
  "rating_loss": [
    0.17756581747005704,
    0.1749505467422232,
    0.17453172344814308,
    0.17469828576594504,
    0.17452803105018
  ],
  "diversity_loss": [
    0.04820854309371914,
    0.0484081263585339,
    0.048364230677968,
    0.04838244842074737,
    0.04838016404336936
  ],
  "val_loss": [
    0.18978364765644073,
    0.16004225611686707,
    0.20330283045768738,
    0.1622234433889389,
    0.18208710849285126
  ]
}