{
  "loss": [
    0.5152901796979203,
    0.513115866246055,
    0.5124971526946643,
    0.5130732861934908,
    0.5123862430081318
  ],
  "rating_loss": [
    0.17651124526951348,
    0.17599939897789457,
    0.17533742040464836,
    0.17553468596763735,
    0.17519120189173196
  ],
  "diversity_loss": [
    0.04839699144216545,
    0.048159496084262156,
    0.048165676812639516,
    0.04821980080595157,
    0.048170720931597175
  ],
  "val_loss": [
    0.1914760172367096,
    0.22881196439266205,
    0.21792972087860107,
    0.21194681525230408,
    0.15230697393417358
  ]
}