{
  "loss": [
    0.5150004041285665,
    0.5125562621352385,
    0.5126686560938574,
    0.5123344935601734,
    0.5123346163764215
  ],
  "rating_loss": [
    0.17837799647011784,
    0.1753437800364718,
    0.17559320444074322,
    0.17546134089442267,
    0.17522833702117102
  ],
  "diversity_loss": [
    0.04808891615337673,
    0.04817321250444495,
    0.048153636732898575,
    0.04812473688766663,
    0.048158040676020954
  ],
  "val_loss": [
    0.177455872297287,
    0.19602066278457642,
    0.18993940949440002,
    0.1794327348470688,
    0.15445107221603394
  ]
}