{
  "loss": [
    0.5164140329065495,
    0.5140776139008076,
    0.5135095534771762,
    0.5138395697774415,
    0.5146190514358323
  ],
  "rating_loss": [
    0.17657937704735135,
    0.17548930171856417,
    0.17518074161983668,
    0.1752289390191148,
    0.1748823738823279
  ],
  "diversity_loss": [
    0.048547808743454185,
    0.04836975966129415,
    0.04833268818106992,
    0.04837294803657785,
    0.048533811821263345
  ],
  "val_loss": [
    0.16168475151062012,
    0.21566897630691528,
    0.19504500925540924,
    0.17268426716327667,
    0.2173362374305725
  ]
}